INSERT INTO Account
  (login, password_hash, fname, lname, country, city)
VALUES
  ('admin', '6W938LJKW2398KJS', 'Admin', 'Admin', 'Russia', 'St. Petersburg'),
  ('DimaPhil', '6W938BJKW2398KJS', 'Dmitry', 'Filippov', 'Russia', 'St. Petersburg'),
  ('Odeen', '6W938KJKW2398KJS', 'Evgeny', 'Zamyatin', 'Russia', 'St. Petersburg'),
  ('Tigran', '6L238KJKW2398KJS', 'Tigran', 'Sloyan', 'USA', 'San Francisco'),
  ('JohnDoe', '239MKKJKW2398KJS', 'John', 'Doe', 'UK', 'London'),
  ('anonymous', '6W938KJKW23ML2IS', 'Vahan', 'Hovhanisuan', 'Armenia', 'Erevan');

INSERT INTO Band
  (band_id, band_name, found_year)
VALUES
  (1, 'Metallica', 1981),
  (2, 'Iron Maiden', 1975),
  (3, 'Billy Talent', 1993),
  (4, 'The XX', 2005),
  (5, 'The Beatles', 1960),
  (6, 'Electric Six', 1996),
  (7, 'Big Russian Boss', 2013),
  (8, 'Megadeth', 1983);

INSERT INTO Album
  (album_id, album_name, release_date, band_id)
VALUES
  (1, 'Black album', '1991-08-12', 1),
  (2, 'Hardwired... To Self-Destruct', '2016-11-18', 1),
  (3, '...And Justice For All', '1988-08-25', 1),
  (4, 'Kill Em All', '1983-07-25', 1),
  (5, 'Death Magnetic', '2008-09-12', 1),
  (6, 'The Book Of Souls', '2015-09-04', 2),
  (7, 'Powerslave', '1984-09-03', 2),
  (8, 'Piece Of Mind', '1983-05-16', 2),
  (9, 'The Final Frontier', '2010-08-13', 2),
  (10, 'Billy Talent', '2003-09-16', 3),
  (11, 'Billy Talent II', '2006-06-23', 3),
  (12, 'Billy Talent III', '2009-07-10', 3),
  (13, 'Dead Silence', '2012-09-07', 3),
  (14, 'Afraid Of Heights', '2016-07-29', 3),
  (15, 'Coexist', '2012-09-05', 4),
  (16, 'Shelter', '2011-03-07', 4),
  (17, 'Revolver', '1966-08-05', 5),
  (18, 'Let it be', '1970-05-08', 5),
  (19, 'Help!', '1965-08-06', 5),
  (20, 'Abbey Road', '1969-09-26', 5),
  (21, 'Absolute Pleasure', '2012-10-09', 6),
  (22, 'Bitch, Dont Let Me Die!', '2015-10-02', 6),
  (23, 'In Bo$$ We Trust', '2014-08-15', 7),
  (24, 'I.G.O.R.', '2015-09-21', 7),
  (25, 'Rust In Peace', '1990-09-24', 8);

INSERT INTO Track
  (track_id, track_name, duration, album_id, band_id)
VALUES
  (1, 'Nothing Else Matters', '0:6:25', 1, 1),
  (2, 'Enter Sandman', '0:5:31', 1, 1),
  (3, 'The Unforgiven', '0:6:23', 1, 1),
  (4, 'Spin Out The Bone', '0:8:25', 2, 1),
  (5, 'Here Comes Revenge', '0:6:47', 2, 1),
  (6, 'Blackened', '0:8:02', 3, 1),
  (7, '...And Justice For All', '0:10:24', 3, 1),
  (8, 'Hit The Lights', '0:4:20', 4, 1),
  (9, 'The Four Horsemen', '0:7:13', 4, 1),
  (10, 'The End Of The Line', '0:7:52', 5, 1),
  (11, 'Speed Of Light', '0:5:03', 6, 2),
  (12, 'Death Of Glory', '0:5:12', 6, 2),
  (13, 'Aces High', '0:4:59', 7, 2),
  (14, 'Losfer Words', '0:4:12', 7, 2),
  (15, 'The Trooper', '0:4:11', 8, 2),
  (16, 'El Dorado', '0:6:49', 9, 2),
  (17, 'This Is How It Goes', '0:3:29', 10, 3),
  (18, 'Try Honesty', '0:4:19', 10, 3),
  (19, 'Devil In a Midnight Mass', '0:3:04', 11, 3),
  (20, 'Red Flag', '0:3:31', 11, 3),
  (21, 'Rusted From The Rain', '0:4:21', 12, 3),
  (22, 'Saint Veronica', '0:4:19', 12, 3),
  (23, 'White Sparrows', '0:3:18', 12, 3),
  (24, 'Dead Silence', '0:4:41', 13, 3),
  (25, 'Viking Death March', '0:4:04', 13, 3),
  (26, 'Afraid Of Heights', '0:3:46', 14, 3),
  (27, 'Louder Than A DJ', '0:3:24', 14, 3),
  (28, 'Angels', '0:2:54', 15, 4),
  (29, 'Reunion', '0:5:50', 15, 4),
  (30, 'Wings', '0:4:39', 16, 4),
  (31, 'Shelter', '0:4:08', 16, 4),
  (32, 'Come Together', '0:4:02', 17, 5),
  (33, 'Because', '0:2:55', 17, 5),
  (34, 'Taxman', '0:2:41', 18, 5),
  (35, 'She Said She Said', '0:3:06', 18, 5),
  (36, 'Help!', '0:3:08', 19, 5),
  (37, 'Ticket To Ride', '0:3:19', 19, 5),
  (38, 'Oh! Darling', '0:3:33', 20, 5),
  (39, 'It Is Showtime!', '0:1:56', 21, 6),
  (40, 'Down at the McDonnelzzz', '0:4:05', 21, 6),
  (41, 'Two Dollar Two', '0:3:05', 22, 6),
  (42, 'Kids Are Evil', '0:3:27', 22, 6),
  (43, 'Go Hard', '0:4:29', 23, 7),
  (44, 'Fuck The Cops', '0:3:56', 23, 7),
  (45, 'Sonny Story', '0:5:1', 24, 7),
  (46, 'Hangar 18', '0:6:23', 25, 8),
  (47, 'Holy Wars...The Punishment Due', '0:7:24', 25, 8);

INSERT INTO Scrobble
  (scrobble_time, login, track_id)
VALUES
  ('2015-01-08 04:05:06', 'DimaPhil', 4),
  ('2016-07-20 12:14:07', 'DimaPhil', 45),
  ('2016-07-21 13:14:58', 'DimaPhil', 26),
  ('2016-07-15 15:14:37', 'DimaPhil', 7),
  ('2016-07-15 15:16:37', 'DimaPhil', 9),
  ('2016-07-15 15:27:35', 'DimaPhil', 16),
  ('2016-07-15 15:29:33', 'DimaPhil', 1),
  ('2016-07-15 15:31:21', 'DimaPhil', 31),
  ('2016-07-15 15:14:07', 'DimaPhil', 45),
  ('2016-07-15 15:14:58', 'DimaPhil', 26),
  ('2016-07-15 15:17:41', 'DimaPhil', 25),
  ('2016-07-15 15:47:39', 'DimaPhil', 18),
  ('2016-07-15 16:00:42', 'DimaPhil', 3),
  ('2016-07-15 16:02:01', 'DimaPhil', 10),
  ('2016-07-28 15:14:07', 'DimaPhil', 45),
  ('2016-07-29 15:14:58', 'DimaPhil', 26),
  ('2015-01-08 06:05:06', 'Odeen', 8),
  ('2016-07-15 11:14:37', 'Odeen', 9),
  ('2016-07-15 11:16:37', 'Odeen', 10),
  ('2016-07-13 19:27:35', 'Odeen', 3),
  ('2016-07-15 13:29:33', 'Odeen', 2),
  ('2016-07-18 12:31:21', 'Odeen', 16),
  ('2016-07-15 11:14:07', 'Odeen', 37),
  ('2016-07-12 17:14:58', 'Odeen', 39),
  ('2016-07-11 12:17:41', 'Odeen', 41),
  ('2016-07-16 18:47:39', 'Odeen', 42),
  ('2016-07-20 12:00:42', 'Odeen', 22),
  ('2016-07-23 15:31:21', 'Odeen', 16),
  ('2016-07-17 17:02:01', 'Odeen', 37),
  ('2016-07-31 12:41:21', 'Odeen', 16),
  ('1970-01-01 00:00:01', 'admin', 39),
  ('2013-10-16 16:15:14', 'Tigran', 45),
  ('2013-10-16 16:16:14', 'Tigran', 32),
  ('2013-10-16 16:17:14', 'Tigran', 33),
  ('2013-10-16 16:18:14', 'Tigran', 38),
  ('2013-10-16 16:19:14', 'Tigran', 44),
  ('2013-10-16 16:20:14', 'Tigran', 42),
  ('2017-01-17 12:12:45', 'Odeen', 7),
  ('2015-10-10 10:10:10', 'anonymous', 22),
  ('2016-10-10 11:11:11', 'anonymous', 23),
  ('2017-01-02 12:12:12', 'anonymous', 24),
  ('2017-01-03 13:12:12', 'anonymous', 46),
  ('2017-01-10 17:12:12', 'anonymous', 47),
  ('2017-01-17 12:13:12', 'anonymous', 7),
  ('2017-01-17 12:13:30', 'DimaPhil', 7);

INSERT INTO Artist
  (artist_id, first_name, last_name, birthday, death)
VALUES
  (1, 'James', 'Hetfield', '1963-08-03', NULL),
  (2, 'Kirk', 'Hammett', '1962-11-18', NULL),
  (3, 'Lars', 'Ulrich', '1963-12-26', NULL),
  (4, 'Robert', 'Trujillo', '1964-10-23', NULL),
  (5, 'Jason', 'Newsted', '1963-03-04', NULL),
  (6, 'Steve', 'Harris', '1956-03-12', NULL),
  (7, 'Dave', 'Murray', '1956-12-23', NULL),
  (8, 'Nicko', 'McBrain', '1952-06-05', NULL),
  (9, 'Clive', 'Burr', '1957-03-08', '2013-03-12'),
  (10, 'Benjamin', 'Kowalewicz', '1975-12-16', NULL),
  (11, 'Ian', 'DSa', '1975-10-30', NULL),
  (12, 'Aaron', 'Solowoniuk', '1974-11-21', NULL),
  (13, 'Jamie', 'Smith', '1988-10-28', NULL),
  (14, 'John', 'Lennon', '1940-10-09', '1980-12-08'),
  (15, 'Paul', 'McCartney', '1942-06-18', NULL),
  (16, 'George', 'Harrison', '1943-02-25', '2001-11-29'),
  (17, 'Ringo', 'Starr', '1940-07-07', NULL),
  (18, 'Stuart', 'Sutcliffe', '1940-06-23', '1962-04-10'),
  (19, 'Tyler', 'Spencer', '1972-01-22', NULL),
  (20, 'Igor', 'Lavrov', '1991-05-07', NULL),
  (21, 'Young', 'Pimp', '1991-08-20', NULL);

INSERT INTO Contract
  (band_id, artist_id)
VALUES
  (1, 1),
  (1, 2),
  (1, 3),
  (1, 4),
  (1, 5),
  (2, 6),
  (2, 7),
  (2, 8),
  (2, 9),
  (3, 10),
  (3, 11),
  (3, 12),
  (4, 13),
  (5, 14),
  (5, 15),
  (5, 16),
  (5, 17),
  (5, 18),
  (6, 19),
  (7, 20),
  (7, 21),
  (8, 5);

INSERT INTO Concert
  (concert_id, title, concert_date, concert_country, concert_city, is_cancelled, band_id)
VALUES
  (1, 'Metallica Rebirth', '2000-02-04', 'Russia', 'Moscow', False, 1),
  (2, 'Metallica China 2017', '2017-01-20', 'China', 'Shanghai', False, 1),
  (3, 'Metallica Denmark 2017', '2017-02-05', 'Denmark', 'Copenhagen', False, 1),
  (4, 'Iron Maiden Belgium 2017', '2017-01-23', 'Belgium', 'Antwerp', True, 2),
  (5, 'Iron Maiden Germany 2017', '2017-04-24', 'Germany', 'Oberhausen', False, 2),
  (6, 'Billy Talent Russia 2016', '2016-10-30', 'Russia', 'St. Petersburg', False, 3),
  (7, 'Billy Talent Russia 2017', '2017-03-03', 'Russia', 'St. Petersburg', True, 3),
  (8, 'The XX Sweden 2017', '2017-02-08', 'Sweden', 'Hovet', False, 4),
  (9, 'The Beatles Liverpool 1961', '1961-11-17', 'England', 'Liverpool', False, 5),
  (10, 'The Beatles Liverpool 1961 Day 2', '1961-11-18', 'England', 'Liverpool', True, 5),
  (11, 'Electric Six Live USA', '2017-03-16', 'USA', 'Palatine', False, 6),
  (12, 'Electric Six Live USA Day 2', '2017-01-22', 'USA', 'Ann Arbor', True, 6),
  (13, 'Electric Six Live USA Day 3', '2017-01-23', 'USA', 'Ann Arbor', False, 6),
  (14, 'Big Russian Boss Moscow 2013', '2013-09-22', 'Russia', 'Moscow', False, 7),
  (15, 'Big Russian Boss Moscow 2016', '2016-08-16', 'Russia', 'Moscow', False, 7),
  (16, 'Megadeth Live 2016', '2016-05-02', 'Singapore', 'Kallang', True, 8);

INSERT INTO Genre
  (genre)
VALUES
  ('Metal'),
  ('Black Metal'),
  ('Rock'),
  ('Hard rock'),
  ('Indie'),
  ('Indie rock'),
  ('Folk'),
  ('Pop'),
  ('K-Pop'),
  ('Post-grunge'),
  ('Rock-n-roll'),
  ('Instrumental'),
  ('Rap'),
  ('Thrash metal'),
  ('Heavy metal'),
  ('Punk'),
  ('Punk rock'),
  ('Alternative rock'),
  ('Alternative'),
  ('Electronic'),
  ('Post punk'),
  ('Classic rock'),
  ('Disco'),
  ('Speed metal');

INSERT INTO BandGenre
  (band_id, genre)
VALUES
  (1, 'Thrash metal'),
  (1, 'Heavy metal'),
  (1, 'Metal'),
  (1, 'Hard rock'),
  (1, 'Rock'),
  (2, 'Heavy metal'),
  (2, 'Hard rock'),
  (2, 'Rock'),
  (2, 'Speed metal'),
  (3, 'Punk rock'),
  (3, 'Punk'),
  (3, 'Alternative rock'),
  (3, 'Alternative'),
  (4, 'Indie'),
  (4, 'Electronic'),
  (4, 'Post punk'),
  (4, 'Alternative'),
  (5, 'Classic rock'),
  (5, 'Pop'),
  (5, 'Rock'),
  (5, 'Rock-n-roll'),
  (6, 'Rock'),
  (6, 'Alternative'),
  (6, 'Electronic'),
  (6, 'Indie'),
  (6, 'Disco'),
  (7, 'Rap'),
  (8, 'Heavy metal'),
  (8, 'Thrash metal'),
  (8, 'Metal');
